ID,Name,Link
408,Final Fantasy I & II: Dawn of Souls,https://www.igdb.com/games/final-fantasy-i-ii-dawn-of-souls
1197,Crash Bandicoot: The Huge Adventure,https://www.igdb.com/games/crash-bandicoot-the-huge-adventure
1198,Crash Bandicoot 2: N-Tranced,https://www.igdb.com/games/crash-bandicoot-2-n-tranced
1199,Crash Bandicoot Purple: Ripto's Rampage,https://www.igdb.com/games/crash-bandicoot-purple-ripto-s-rampage
1220,Kingdom Hearts: Chain of Memories,https://www.igdb.com/games/kingdom-hearts-chain-of-memories
1240,Tekken Advance,https://www.igdb.com/games/tekken-advance
1317,Medal of Honor: Infiltrator,https://www.igdb.com/games/medal-of-honor-infiltrator
1406,Metal Slug Advance,https://www.igdb.com/games/metal-slug-advance
1451,Suikoden Card Stories,https://www.igdb.com/games/suikoden-card-stories
1474,Zone of the Enders: The Fist of Mars,https://www.igdb.com/games/zone-of-the-enders-the-fist-of-mars
1515,Pokémon Sapphire,https://www.igdb.com/games/pokemon-sapphire
1516,Pokémon LeafGreen,https://www.igdb.com/games/pokemon-leafgreen
1517,Pokémon Emerald,https://www.igdb.com/games/pokemon-emerald
1557,Pokémon Ruby,https://www.igdb.com/games/pokemon-ruby
1559,Pokémon FireRed,https://www.igdb.com/games/pokemon-firered
1587,Spyro: Season of Ice,https://www.igdb.com/games/spyro-season-of-ice
1588,Spyro 2: Season of Flame,https://www.igdb.com/games/spyro-2-season-of-flame
1589,Spyro: Attack of the Rhynocs,https://www.igdb.com/games/spyro-attack-of-the-rhynocs
1590,Spyro Orange: The Cortex Conspiracy,https://www.igdb.com/games/spyro-orange-the-cortex-conspiracy
1704,WarioWare: Twisted!,https://www.igdb.com/games/warioware-twisted
1769,Mega Man Battle Network 4.5: Real Operation,https://www.igdb.com/games/mega-man-battle-network-4-dot-5-real-operation
1808,Crazy Taxi: Catch a Ride,https://www.igdb.com/games/crazy-taxi-catch-a-ride
1823,Slime Mori-mori Dragon Quest: Shougeki no Shippo-dan,https://www.igdb.com/games/slime-mori-mori-dragon-quest-shougeki-no-shippo-dan
1967,Rayman: Hoodlums' Revenge,https://www.igdb.com/games/rayman-hoodlums-revenge
2576,Dragon Ball Z: Supersonic Warriors,https://www.igdb.com/games/dragon-ball-z-supersonic-warriors
2580,Dragon Ball Z: Taiketsu,https://www.igdb.com/games/dragon-ball-z-taiketsu
2766,Nicktoons: Freeze Frame Frenzy,https://www.igdb.com/games/nicktoons-freeze-frame-frenzy
2794,Rugrats: I Gotta Go Party,https://www.igdb.com/games/rugrats-i-gotta-go-party
2795,Rugrats: Castle Capers,https://www.igdb.com/games/rugrats-castle-capers
2796,All Grown Up!: Express Yourself,https://www.igdb.com/games/all-grown-up-express-yourself
2808,Camp Lazlo: Leaky Lake Games,https://www.igdb.com/games/camp-lazlo-leaky-lake-games
2809,Cartoon Network: Block Party,https://www.igdb.com/games/cartoon-network-block-party
2810,Cartoon Network Speedway,https://www.igdb.com/games/cartoon-network-speedway
2813,Dexter's Laboratory: Deesaster Strikes!,https://www.igdb.com/games/dexter-s-laboratory-deesaster-strikes
2816,"Ed, Edd n Eddy: Jawbreakers!",https://www.igdb.com/games/ed-edd-n-eddy-jawbreakers
2819,Hi Hi Puffy AmiYumi: Kaznapped!,https://www.igdb.com/games/hi-hi-puffy-amiyumi-kaznapped
2822,Samurai Jack: The Amulet of Time,https://www.igdb.com/games/samurai-jack-the-amulet-of-time
3266,Grand Theft Auto Advance,https://www.igdb.com/games/grand-theft-auto-advance
3292,Power Rangers S.P.D.,https://www.igdb.com/games/power-rangers-s-p-d
3310,Barbie Horse Adventures: Blue Ribbon Race,https://www.igdb.com/games/barbie-horse-adventures-blue-ribbon-race
3464,Custom Robo GX,https://www.igdb.com/games/custom-robo-gx
3674,Shrek: Hassle at the Castle,https://www.igdb.com/games/shrek-hassle-at-the-castle--1
3689,Hello Kitty: Happy Party Pals,https://www.igdb.com/games/hello-kitty-happy-party-pals
3766,Madagascar: Operation Penguin,https://www.igdb.com/games/madagascar-operation-penguin
4864,Inspector Gadget: Advance Mission,https://www.igdb.com/games/inspector-gadget-advance-mission
5888,Powerpuff Girls: Mojo Jojo A-Go-Go,https://www.igdb.com/games/powerpuff-girls-mojo-jojo-a-go-go
6297,Ace Combat Advance,https://www.igdb.com/games/ace-combat-advance
6299,Action Man: Robot Atak,https://www.igdb.com/games/action-man-robot-atak
6300,Advance Guardian Heroes,https://www.igdb.com/games/advance-guardian-heroes
6302,American Bass Challenge,https://www.igdb.com/games/american-bass-challenge
6305,An American Tail: Fievel's Gold Rush,https://www.igdb.com/games/an-american-tail-fievel-s-gold-rush
6307,Army Men Advance,https://www.igdb.com/games/army-men-advance
6308,Army Men: Operation Green,https://www.igdb.com/games/army-men-operation-green
6310,Astro Boy: Omega Factor,https://www.igdb.com/games/astro-boy-omega-factor
6312,Atomic Betty,https://www.igdb.com/games/atomic-betty
6315,Backyard Sports Football 2007,https://www.igdb.com/games/backyard-sports-football-2007
6316,Banjo-Pilot,https://www.igdb.com/games/banjo-pilot
6319,Baseball Advance,https://www.igdb.com/games/baseball-advance
6320,BattleBots: Beyond the BattleBox,https://www.igdb.com/games/battlebots-beyond-the-battlebox
6321,BattleBots: Design & Destroy,https://www.igdb.com/games/battlebots-design-destroy
6322,Bionicle: Matoran Adventures,https://www.igdb.com/games/bionicle-matoran-adventures
6323,LEGO Bionicle: Quest for the Toa,https://www.igdb.com/games/lego-bionicle-quest-for-the-toa
6326,Boktai: The Sun Is in Your Hand,https://www.igdb.com/games/boktai-the-sun-is-in-your-hand
6329,Boktai 2: Solar Boy Django,https://www.igdb.com/games/boktai-2-solar-boy-django
6331,Bomberman Max 2: Blue Advance,https://www.igdb.com/games/bomberman-max-2-blue-advance
6333,Bomberman Max 2: Red Advance,https://www.igdb.com/games/bomberman-max-2-red-advance
6334,Bomberman Tournament,https://www.igdb.com/games/bomberman-tournament
6335,Boxing Fever,https://www.igdb.com/games/boxing-fever
6339,Bruce Lee: Return of the Legend,https://www.igdb.com/games/bruce-lee-return-of-the-legend
6343,Buffy the Vampire Slayer: Wrath of the Darkhul King,https://www.igdb.com/games/buffy-the-vampire-slayer-wrath-of-the-darkhul-king
6348,CIMA: The Enemy,https://www.igdb.com/games/cima-the-enemy
6350,Columns Crown,https://www.igdb.com/games/columns-crown
6353,CT Special Forces 2: Back in the Trenches,https://www.igdb.com/games/ct-special-forces-2-back-in-the-trenches
6354,Green Eggs and Ham,https://www.igdb.com/games/green-eggs-and-ham
6365,Danny Phantom: The Ultimate Enemy,https://www.igdb.com/games/danny-phantom-the-ultimate-enemy
6367,Dark Arena,https://www.igdb.com/games/dark-arena
6368,Dave Mirra Freestyle BMX 3,https://www.igdb.com/games/dave-mirra-freestyle-bmx-3
6373,Dexter's Laboratory: Chess Challenge,https://www.igdb.com/games/dexter-s-laboratory-chess-challenge
6376,Digimon Racing,https://www.igdb.com/games/digimon-racing
6378,Dinotopia: The Timestone Pirates,https://www.igdb.com/games/dinotopia-the-timestone-pirates
6382,Dokapon: Monster Hunter,https://www.igdb.com/games/dokapon-monster-hunter
6383,Domo-kun no Fushigi Terebi,https://www.igdb.com/games/domo-kun-no-fushigi-terebi
6384,Double Dragon Advance,https://www.igdb.com/games/double-dragon-advance
6385,Drake & Josh,https://www.igdb.com/games/drake-josh
6386,Dragon Ball: Advanced Adventure,https://www.igdb.com/games/dragon-ball-advanced-adventure
6387,Dragon Ball Z: The Legacy of Goku,https://www.igdb.com/games/dragon-ball-z-the-legacy-of-goku
6388,Dragon Quest Monsters: Caravan Heart,https://www.igdb.com/games/dragon-quest-monsters-caravan-heart
6392,Dual Blades,https://www.igdb.com/games/dual-blades
6393,Duke Nukem Advance,https://www.igdb.com/games/duke-nukem-advance
6394,Dynasty Warriors Advance,https://www.igdb.com/games/dynasty-warriors-advance
6395,Droopy's Tennis Open,https://www.igdb.com/games/droopy-s-tennis-open
6396,Ecks vs. Sever,https://www.igdb.com/games/ecks-vs-sever
6397,ESPN Final Round Golf 2002,https://www.igdb.com/games/espn-final-round-golf-2002
6406,Fear Factor: Unleashed,https://www.igdb.com/games/fear-factor-unleashed
6407,Fire Pro Wrestling,https://www.igdb.com/games/fire-pro-wrestling
6408,Fire Pro Wrestling 2,https://www.igdb.com/games/fire-pro-wrestling-2
6409,Fortress,https://www.igdb.com/games/fortress
6410,Foster's Home for Imaginary Friends,https://www.igdb.com/games/foster-s-home-for-imaginary-friends
6411,Frogger's Adventures: Temple of the Frog,https://www.igdb.com/games/frogger-s-adventures-temple-of-the-frog
6412,Frogger Advance: The Great Quest,https://www.igdb.com/games/frogger-advance-the-great-quest
6416,Garfield: The Search for Pooky,https://www.igdb.com/games/garfield-the-search-for-pooky
6417,Garfield and His Nine Lives,https://www.igdb.com/games/garfield-and-his-nine-lives
6418,Gekido Advance: Kintaro's Revenge,https://www.igdb.com/games/gekido-advance-kintaro-s-revenge
6421,Go! Go! Beckham! Adventure on Soccer Island,https://www.igdb.com/games/go-go-beckham-adventure-on-soccer-island
6422,Gunstar Super Heroes,https://www.igdb.com/games/gunstar-super-heroes
6423,Babar: To the Rescue,https://www.igdb.com/games/babar-to-the-rescue
6424,GT Advance Championship Racing,https://www.igdb.com/games/gt-advance-championship-racing
6425,GT Advance 2: Rally Racing,https://www.igdb.com/games/gt-advance-2-rally-racing
6426,GT Advance 3: Pro Concept Racing,https://www.igdb.com/games/gt-advance-3-pro-concept-racing
6427,Hamtaro: Rainbow Rescue,https://www.igdb.com/games/hamtaro-rainbow-rescue
6428,Hamtaro: Ham-Ham Heartbreak,https://www.igdb.com/games/hamtaro-ham-ham-heartbreak
6429,Hamtaro: Ham-Ham Games,https://www.igdb.com/games/hamtaro-ham-ham-games
6431,Hatena Satena,https://www.igdb.com/games/hatena-satena
6432,He-Man: Power of Grayskull,https://www.igdb.com/games/he-man-power-of-grayskull
6434,Disney's Herbie: Fully Loaded,https://www.igdb.com/games/disneys-herbie-fully-loaded
6436,High School Musical: Livin' the Dream,https://www.igdb.com/games/high-school-musical-livin-the-dream
6437,Hot Potato!,https://www.igdb.com/games/hot-potato
6446,Ice Age,https://www.igdb.com/games/ice-age
6447,Ice Nine,https://www.igdb.com/games/ice-nine
6449,Iridion 3D,https://www.igdb.com/games/iridion-3d
6450,Iridion II,https://www.igdb.com/games/iridion-ii
6477,Jazz Jackrabbit Advance,https://www.igdb.com/games/jazz-jackrabbit-advance
6479,Juka and the Monophonic Menace,https://www.igdb.com/games/juka-and-the-monophonic-menace
6481,Jurassic Park III: The DNA Factor,https://www.igdb.com/games/jurassic-park-iii-the-dna-factor
6482,Jurassic Park III: Island Attack,https://www.igdb.com/games/jurassic-park-iii-island-attack
6483,Jurassic Park III: Park Builder,https://www.igdb.com/games/jurassic-park-iii-park-builder
6484,Justice League: Injustice for All,https://www.igdb.com/games/justice-league-injustice-for-all
6485,Justice League: Chronicles,https://www.igdb.com/games/justice-league-chronicles
6486,Justice League Heroes: The Flash,https://www.igdb.com/games/justice-league-heroes-the-flash
6489,Karnaaj Rally,https://www.igdb.com/games/karnaaj-rally
6494,Konami Collector's Series: Arcade Advanced,https://www.igdb.com/games/konami-collector-s-series-arcade-advanced
6496,Koro Koro Puzzle Happy Panechu!,https://www.igdb.com/games/koro-koro-puzzle-happy-panechu
6497,Lady Sia,https://www.igdb.com/games/lady-sia
6498,LEGO Knights' Kingdom,https://www.igdb.com/games/lego-knights-kingdom
6507,Mazes of Fate,https://www.igdb.com/games/mazes-of-fate
6508,Mech Platoon,https://www.igdb.com/games/mech-platoon
6510,Mighty Beanz Pocket Puzzles,https://www.igdb.com/games/mighty-beanz-pocket-puzzles
6511,Monster Rancher Advance,https://www.igdb.com/games/monster-rancher-advance
6512,Monster Rancher Advance 2,https://www.igdb.com/games/monster-rancher-advance-2
6515,Moto Racer Advance,https://www.igdb.com/games/moto-racer-advance
6523,NBA Jam 2002,https://www.igdb.com/games/nba-jam-2002
6524,Ninja Five-O,https://www.igdb.com/games/ninja-five-o
6525,No Rules: Get Phat,https://www.igdb.com/games/no-rules-get-phat
6529,Pac-Man Pinball Advance,https://www.igdb.com/games/pac-man-pinball-advance
6534,The Pinball of the Dead,https://www.igdb.com/games/the-pinball-of-the-dead
6535,Pinobee: Wings of Adventure,https://www.igdb.com/games/pinobee-wings-of-adventure
6538,Popeye: Rush for Spinach,https://www.igdb.com/games/popeye-rush-for-spinach
6540,Quad Desert Fury,https://www.igdb.com/games/quad-desert-fury
6551,Racing Gears Advance,https://www.igdb.com/games/racing-gears-advance
6552,Rampage Puzzle Attack,https://www.igdb.com/games/rampage-puzzle-attack
6553,Rave Master: Special Attack Force!,https://www.igdb.com/games/rave-master-special-attack-force
6554,Rebelstar: Tactical Command,https://www.igdb.com/games/rebelstar-tactical-command
6557,Rhythm Tengoku,https://www.igdb.com/games/rhythm-tengoku
6560,Robopon 2 Ring Version,https://www.igdb.com/games/robopon-2-ring-version
6561,Robopon 2 Cross Version,https://www.igdb.com/games/robopon-2-cross-version
6562,Robot Wars: Advanced Destruction,https://www.igdb.com/games/robot-wars-advanced-destruction
6563,Robotech: The Macross Saga,https://www.igdb.com/games/robotech-the-macross-saga
6565,Hey Arnold! The Movie,https://www.igdb.com/games/hey-arnold-the-movie
6582,Sabre Wulf,https://www.igdb.com/games/sabre-wulf
6583,Sakura Momoko no Ukiuki Carnival,https://www.igdb.com/games/sakura-momoko-no-ukiuki-carnival
6587,Serious Sam Advance,https://www.igdb.com/games/serious-sam-advance
6588,"Shaman King: Legacy of the Spirits, Soaring Hawk",https://www.igdb.com/games/shaman-king-legacy-of-the-spirits-soaring-hawk
6589,"Shaman King: Legacy of the Spirits, Sprinting Wolf",https://www.igdb.com/games/shaman-king-legacy-of-the-spirits-sprinting-wolf
6590,Shaman King: Master of Spirits,https://www.igdb.com/games/shaman-king-master-of-spirits
6591,Shaman King: Master of Spirits 2,https://www.igdb.com/games/shaman-king-master-of-spirits-2
6593,Shining Soul,https://www.igdb.com/games/shining-soul
6594,Shining Soul II,https://www.igdb.com/games/shining-soul-ii
6595,Sigma Star Saga,https://www.igdb.com/games/sigma-star-saga
6600,Sonic Battle,https://www.igdb.com/games/sonic-battle
6601,Sonic Pinball Party,https://www.igdb.com/games/sonic-pinball-party
6605,Spider-Man: Mysterio's Menace,https://www.igdb.com/games/spider-man-mysterio-s-menace
6608,Star Wars: Flight of the Falcon,https://www.igdb.com/games/star-wars-flight-of-the-falcon
6609,Star Wars Trilogy: Apprentice of the Force,https://www.igdb.com/games/star-wars-trilogy-apprentice-of-the-force
6610,Star X,https://www.igdb.com/games/star-x
6615,Summon Night: Swordcraft Story,https://www.igdb.com/games/summon-night-swordcraft-story
6616,Summon Night: Swordcraft Story 2,https://www.igdb.com/games/summon-night-swordcraft-story-2
6617,Super Army War,https://www.igdb.com/games/super-army-war
6620,Super Dodge Ball Advance,https://www.igdb.com/games/super-dodge-ball-advance
6624,Super Robot Taisen R,https://www.igdb.com/games/super-robot-taisen-r
6625,Super Robot Taisen: Original Generation,https://www.igdb.com/games/super-robot-taisen-original-generation
6626,Super Robot Taisen D,https://www.igdb.com/games/super-robot-taisen-d
6627,Super Robot Taisen: Original Generation 2,https://www.igdb.com/games/super-robot-taisen-original-generation-2
6629,Super Robot Taisen J,https://www.igdb.com/games/super-robot-taisen-j
6630,Sword of Mana,https://www.igdb.com/games/sword-of-mana
6635,Tactics Ogre: The Knight of Lodis,https://www.igdb.com/games/tactics-ogre-the-knight-of-lodis
6639,The Tower SP,https://www.igdb.com/games/the-tower-sp
6640,Tiny Toon Adventures: Scary Dreams,https://www.igdb.com/games/tiny-toon-adventures-scary-dreams--1
6642,Tiny Toon Adventures: Wacky Stackers,https://www.igdb.com/games/tiny-toon-adventures-wacky-stackers
6647,Urban Yeti!,https://www.igdb.com/games/urban-yeti
6676,Wade Hixton's Counter Punch,https://www.igdb.com/games/wade-hixton-s-counter-punch
6682,W.I.T.C.H.,https://www.igdb.com/games/w-i-t-c-h
6683,WWE Road to WrestleMania X8,https://www.igdb.com/games/wwe-road-to-wrestlemania-x8
6685,WWE Survivor Series,https://www.igdb.com/games/wwe-survivor-series
6686,WWF Road to WrestleMania,https://www.igdb.com/games/wwf-road-to-wrestlemania
6688,X-Men: Reign of Apocalypse,https://www.igdb.com/games/x-men-reign-of-apocalypse
6693,Yggdra Union: We'll Never Fight Alone,https://www.igdb.com/games/yggdra-union-we-ll-never-fight-alone
6695,Yu Yu Hakusho: Tournament Tactics,https://www.igdb.com/games/yu-yu-hakusho-tournament-tactics
6696,Yu Yu Hakusho: Spirit Detective,https://www.igdb.com/games/yu-yu-hakusho-spirit-detective
6697,Yu-Gi-Oh! The Sacred Cards,https://www.igdb.com/games/yu-gi-oh-the-sacred-cards
6698,Yu-Gi-Oh! World Championship Tournament 2004,https://www.igdb.com/games/yu-gi-oh-world-championship-tournament-2004
6699,Yu-Gi-Oh! Worldwide Edition: Stairway to the Destined Duel,https://www.igdb.com/games/yu-gi-oh-worldwide-edition-stairway-to-the-destined-duel
7583,Medabots: Metabee,https://www.igdb.com/games/medabots-metabee
7974,Dora the Explorer: Super Star Adventures,https://www.igdb.com/games/dora-the-explorer-super-star-adventures
8012,Woody Woodpecker in Crazy Castle 5,https://www.igdb.com/games/woody-woodpecker-in-crazy-castle-5
8021,Totally Spies!,https://www.igdb.com/games/totally-spies
8029,Tom and Jerry in Infurnal Escape,https://www.igdb.com/games/tom-and-jerry-in-infurnal-escape
8030,Tom and Jerry: The Magic Ring,https://www.igdb.com/games/tom-and-jerry-the-magic-ring
8079,The Revenge of the Smurfs,https://www.igdb.com/games/the-revenge-of-the-smurfs
8092,Rocket Power: Dream Scheme,https://www.igdb.com/games/rocket-power-dream-scheme
8095,Rocket Power: Zero Gravity Zone,https://www.igdb.com/games/rocket-power-zero-gravity-zone
8108,Pink Panther: Pinkadelic Pursuit,https://www.igdb.com/games/pink-panther-pinkadelic-pursuit
8131,Looney Tunes Double Pack,https://www.igdb.com/games/looney-tunes-double-pack
8144,Disney's Kim Possible 2: Drakken's Demise,https://www.igdb.com/games/disneys-kim-possible-2-drakkens-demise
8155,Jackie Chan Adventures: Legend of the Dark Hand,https://www.igdb.com/games/jackie-chan-adventures-legend-of-the-dark-hand
8160,Extrme Ghostbusters: Code Ecto-1,https://www.igdb.com/games/extrme-ghostbusters-code-ecto-1
8570,Strawberry Shortcake: Summertime Adventure,https://www.igdb.com/games/strawberry-shortcake-summertime-adventure
8571,Strawberry Shortcake: Ice Cream Island Riding Camp,https://www.igdb.com/games/strawberry-shortcake-ice-cream-island-riding-camp
9726,Beyblade: G-Revolution,https://www.igdb.com/games/beyblade-g-revolution
10222,The Revenge of Shinobi,https://www.igdb.com/games/the-revenge-of-shinobi--1
11468,Frogger's Adventures 2: The Lost Wand,https://www.igdb.com/games/froggers-adventures-2-the-lost-wand
11480,Frogger's Journey: The Forgotten Relic,https://www.igdb.com/games/froggers-journey-the-forgotten-relic
11672,Yu-Gi-Oh! The Eternal Duelist Soul,https://www.igdb.com/games/yu-gi-oh-the-eternal-duelist-soul
13907,Lunar Legend,https://www.igdb.com/games/lunar-legend
15738,Bionicle: Maze of Shadows,https://www.igdb.com/games/bionicle-maze-of-shadows
16748,Super Mario Advance 4: Super Mario Bros. 3,https://www.igdb.com/games/super-mario-advance-4-super-mario-bros-3
18064,Classic NES Series: Dr. Mario,https://www.igdb.com/games/classic-nes-series-dr-mario
18065,Classic NES Series: Super Mario Bros.,https://www.igdb.com/games/classic-nes-series-super-mario-bros
18066,Classic NES Series: The Legend of Zelda,https://www.igdb.com/games/classic-nes-series-the-legend-of-zelda
18254,Daredevil,https://www.igdb.com/games/daredevil
18256,The Fairly OddParents: Clash With the Anti-World,https://www.igdb.com/games/the-fairly-oddparents-clash-with-the-anti-world
18257,The Fairly OddParents: Enter the Cleft,https://www.igdb.com/games/the-fairly-oddparents-enter-the-cleft
18260,Games Explosion,https://www.igdb.com/games/games-explosion
18306,Unfabulous,https://www.igdb.com/games/unfabulous
18325,Zoey 101,https://www.igdb.com/games/zoey-101
18809,Tomb Raider: The Prophecy,https://www.igdb.com/games/tomb-raider-the-prophecy
18951,Star Wars: Episode II - Attack of the Clones,https://www.igdb.com/games/star-wars-episode-ii-attack-of-the-clones
19074,Superman Returns: Fortress of Solitude,https://www.igdb.com/games/superman-returns-fortress-of-solitude
19111,Board Game Classics,https://www.igdb.com/games/board-game-classics
19217,Back to Stone,https://www.igdb.com/games/back-to-stone
19218,Pirates of the Caribbean: The Curse of the Black Pearl,https://www.igdb.com/games/pirates-of-the-caribbean-the-curse-of-the-black-pearl
19834,Dragon Ball Z: The Legacy of Goku II,https://www.igdb.com/games/dragon-ball-z-the-legacy-of-goku-ii
19835,Dragon Ball Z: Buu's Fury,https://www.igdb.com/games/dragon-ball-z-buus-fury
19884,DemiKids: Dark Version,https://www.igdb.com/games/demikids-dark-version
20519,Kawa no Nushi Tsuri 3 & 4,https://www.igdb.com/games/kawa-no-nushi-tsuri-3-and-4
20597,Final Fantasy V Advance,https://www.igdb.com/games/final-fantasy-v-advance
20655,Final Fantasy VI Advance,https://www.igdb.com/games/final-fantasy-vi-advance
22241,Sega Arcade Gallery,https://www.igdb.com/games/sega-arcade-gallery
22244,Drome Racers,https://www.igdb.com/games/drome-racers--1
22285,Shining Force: Resurrection of the Dark Dragon,https://www.igdb.com/games/shining-force-resurrection-of-the-dark-dragon
22549,Dr. Mario & Puzzle League,https://www.igdb.com/games/dr-mario-and-puzzle-league
22575,Castlevania Double Pack,https://www.igdb.com/games/castlevania-double-pack
23475,Motocross Maniacs Advance,https://www.igdb.com/games/motocross-maniacs-advance
23693,Spy Kids 3-D: Game Over,https://www.igdb.com/games/spy-kids-3-d-game-over
23716,Space Channel 5: Ulala's Cosmic Attack,https://www.igdb.com/games/space-channel-5-ulalas-cosmic-attack
24065,Naruto: Ninja Council 2,https://www.igdb.com/games/naruto-ninja-council-2
24066,Naruto: Ninja Council,https://www.igdb.com/games/naruto-ninja-council
24135,River City Ransom EX,https://www.igdb.com/games/river-city-ransom-ex
24257,Duel Masters: Kaijudo Showdown,https://www.igdb.com/games/duel-masters-kaijudo-showdown
24269,Dragon Ball GT: Transformation,https://www.igdb.com/games/dragon-ball-gt-transformation
24398,Pokémon: Dark Rising,https://www.igdb.com/games/pokemon-dark-rising
25912,Disney's Lilo & Stitch,https://www.igdb.com/games/disneys-lilo-and-stitch
26635,Mortal Kombat: Tournament Edition,https://www.igdb.com/games/mortal-kombat-tournament-edition
27494,Keitai Denjuu Telefang 2: Power,https://www.igdb.com/games/keitai-denjuu-telefang-2-power
27495,Keitai Denjuu Telefang 2: Speed,https://www.igdb.com/games/keitai-denjuu-telefang-2-speed
27602,Scooby-Doo 2: Monsters Unleashed,https://www.igdb.com/games/scooby-doo-2-monsters-unleashed--1
37546,Fire Emblem: Dream of Five,https://www.igdb.com/games/fire-emblem-dream-of-five
43312,SpongeBob's Atlantis Squarepantis,https://www.igdb.com/games/spongebobs-atlantis-squarepantis--2
43321,Sonic the Hedgehog Genesis,https://www.igdb.com/games/sonic-the-hedgehog-genesis
43876,Shin Nippon Pro Wrestling: Toukon Retsuden 2,https://www.igdb.com/games/shin-nippon-pro-wrestling-toukon-retsuden-2
45156,Mortal Kombat Advance,https://www.igdb.com/games/mortal-kombat-advance
45169,Barbie: The Princess and the Pauper,https://www.igdb.com/games/barbie-the-princess-and-the-pauper
45170,Secret Agent Barbie: Royal Jewels Mission,https://www.igdb.com/games/secret-agent-barbie-royal-jewels-mission
45171,Barbie Software: Groovy Games,https://www.igdb.com/games/barbie-software-groovy-games
47332,Zapper: One Wicked Cricket!,https://www.igdb.com/games/zapper-one-wicked-cricket--1
49153,Disney's Home on the Range,https://www.igdb.com/games/disneys-home-on-the-range
49156,Cubix: Robots for Everyone - Clash 'n Bash,https://www.igdb.com/games/cubix-robots-for-everyone-clash-n-bash
49157,Crazy Chase,https://www.igdb.com/games/crazy-chase
49159,Codename: Kids Next Door - Operation S.O.D.A.,https://www.igdb.com/games/codename-kids-next-door-operation-soda
49160,Classic NES Series: Donkey Kong,https://www.igdb.com/games/classic-nes-series-donkey-kong
49161,Caesars Palace Advance: Millenium Gold Edition,https://www.igdb.com/games/caesars-palace-advance-millenium-gold-edition
49162,Bubble Bobble: Old & New,https://www.igdb.com/games/bubble-bobble-old-and-new
49163,Classic NES Series: Bomberman,https://www.igdb.com/games/classic-nes-series-bomberman
49164,Beyblade VForce: Ultimate Blader Jam,https://www.igdb.com/games/beyblade-vforce-ultimate-blader-jam
49166,Alienators: Evolution Continues,https://www.igdb.com/games/alienators-evolution-continues
49167,Classic NES Series: Excitebike,https://www.igdb.com/games/classic-nes-series-excitebike
49168,Guilty Gear X: Advance Edition,https://www.igdb.com/games/guilty-gear-x-advance-edition
49169,The King of Fighters EX2: Howling Blood,https://www.igdb.com/games/the-king-of-fighters-ex2-howling-blood
49170,The King of Fighters EX: Neo Blood,https://www.igdb.com/games/the-king-of-fighters-ex-neo-blood
49171,Classic NES Series: Castlevania,https://www.igdb.com/games/classic-nes-series-castlevania
49172,Galidor: Defenders of the Outer Dimension,https://www.igdb.com/games/galidor-defenders-of-the-outer-dimension
49174,Dragon Drive: World D Break,https://www.igdb.com/games/dragon-drive-world-d-break
49175,Davis Cup Tennis,https://www.igdb.com/games/davis-cup-tennis
49178,Road Rash: Jailbreak,https://www.igdb.com/games/road-rash-jailbreak
49179,The Ripping Friends: The World's Most Manly Men!,https://www.igdb.com/games/the-ripping-friends-the-worlds-most-manly-men
49180,Punch King,https://www.igdb.com/games/punch-king
49181,Power Rangers: Wild Force,https://www.igdb.com/games/power-rangers-wild-force
49185,DemiKids: Light Version,https://www.igdb.com/games/demikids-light-version
49186,Disney's Kim Possible 3: Team Possible,https://www.igdb.com/games/disneys-kim-possible-3-team-possible
49187,Killer 3D Pool,https://www.igdb.com/games/killer-3d-pool
49189,Donald Duck Advance,https://www.igdb.com/games/donald-duck-advance
49190,Disney's Little Einsteins,https://www.igdb.com/games/disneys-little-einsteins
49191,Cruis'n Velocity,https://www.igdb.com/games/cruisn-velocity
49192,Capcom Classics Mini Mix,https://www.igdb.com/games/capcom-classics-mini-mix
49193,Altered Beast: Guardian of the Realms,https://www.igdb.com/games/altered-beast-guardian-of-the-realms
49194,The Flintstones: Big Trouble in Bedrock,https://www.igdb.com/games/the-flintstones-big-trouble-in-bedrock
49196,Ballistic: Ecks vs. Sever,https://www.igdb.com/games/ballistic-ecks-vs-sever
49197,Dungeons & Dragons: Eye of the Beholder,https://www.igdb.com/games/dungeons-and-dragons-eye-of-the-beholder
49198,Duel Masters: Sempai Legends,https://www.igdb.com/games/duel-masters-sempai-legends
49199,Driver 2 Advance,https://www.igdb.com/games/driver-2-advance
49200,Dora the Explorer: Super Spies,https://www.igdb.com/games/dora-the-explorer-super-spies
49201,Dora the Explorer: The Search for Pirate Pig's Treasure,https://www.igdb.com/games/dora-the-explorer-the-search-for-pirate-pigs-treasure
49202,Disney's Treasure Planet,https://www.igdb.com/games/disneys-treasure-planet
49203,Zoids: Legacy,https://www.igdb.com/games/zoids-legacy
49204,Yu-Gi-Oh! Destiny Board Traveler,https://www.igdb.com/games/yu-gi-oh-destiny-board-traveler
49205,Classic NES Series: Xevious,https://www.igdb.com/games/classic-nes-series-xevious
49206,ESPN Winter X-Games Snowboarding 2002,https://www.igdb.com/games/espn-winter-x-games-snowboarding-2002--1
49207,Ultimate Winter Games,https://www.igdb.com/games/ultimate-winter-games
49208,Ultimate Muscle: The Kinnikuman Legacy - The Path of the Superhero,https://www.igdb.com/games/ultimate-muscle-the-kinnikuman-legacy-the-path-of-the-superhero
49209,Top Gun: Firestorm Advance,https://www.igdb.com/games/top-gun-firestorm-advance
49211,Yu-Gi-Oh!: Dungeon Dice Monsters,https://www.igdb.com/games/yu-gi-oh-dungeon-dice-monsters
49212,Yoshi Topsy-Turvy,https://www.igdb.com/games/yoshi-topsy-turvy
49214,Teen Titans 2,https://www.igdb.com/games/teen-titans-2
49216,Superman: Countdown to Apokolips,https://www.igdb.com/games/superman-countdown-to-apokolips
49217,Super Duper Sumos,https://www.igdb.com/games/super-duper-sumos
49218,Stuart Little 2,https://www.igdb.com/games/stuart-little-2
49219,Street Jam Basketball,https://www.igdb.com/games/street-jam-basketball
49220,Sports Illustrated for Kids: Football,https://www.igdb.com/games/sports-illustrated-for-kids-football
49222,Shrek: Reekin' Havoc,https://www.igdb.com/games/shrek-reekin-havoc
49223,Shrek 2: Beg for Mercy!,https://www.igdb.com/games/shrek-2-beg-for-mercy
49224,SD Gundam Force,https://www.igdb.com/games/sd-gundam-force
49225,Scooby-Doo!: Mystery Mayhem,https://www.igdb.com/games/scooby-doo-mystery-mayhem--1
49228,Doraemon Dokodemo Walker,https://www.igdb.com/games/doraemon-dokodemo-walker
49229,Best Friends: My Horse,https://www.igdb.com/games/best-friends-my-horse
49230,Dora the Explorer: Dora's World Adventure!,https://www.igdb.com/games/dora-the-explorer-doras-world-adventure
49231,Marvel's The Invincible Iron Man,https://www.igdb.com/games/marvels-the-invincible-iron-man
49232,Gremlins: Stripe vs. Gizmo,https://www.igdb.com/games/gremlins-stripe-vs-gizmo
49233,Sudoku Fever,https://www.igdb.com/games/sudoku-fever
49235,Medabots: Rokusho,https://www.igdb.com/games/medabots-rokusho
49236,The Scorpion King: Sword of Osiris,https://www.igdb.com/games/the-scorpion-king-sword-of-osiris
49239,Guru Logic Champ,https://www.igdb.com/games/guru-logic-champ
49240,Shrek: Swamp Kart Speedway,https://www.igdb.com/games/shrek-swamp-kart-speedway
49241,Shrek: Hassle at the Castle,https://www.igdb.com/games/shrek-hassle-at-the-castle
49242,Backyard Sports: Basketball 2007,https://www.igdb.com/games/backyard-sports-basketball-2007
49244,Backyard Hockey,https://www.igdb.com/games/backyard-hockey
49248,Monster Trucks Mayhem,https://www.igdb.com/games/monster-trucks-mayhem
49249,Steven Gerrard's Total Soccer 2002,https://www.igdb.com/games/steven-gerrards-total-soccer-2002
49251,Road Trip - Shifting Gears,https://www.igdb.com/games/road-trip-shifting-gears
49252,Dancing Sword: Senkou,https://www.igdb.com/games/dancing-sword-senkou
49253,CT Special Forces 3: Navy Ops,https://www.igdb.com/games/ct-special-forces-3-navy-ops
49254,Asterix & Obelix: Bash Them All!,https://www.igdb.com/games/asterix-and-obelix-bash-them-all
49255,Thunderbirds International Rescue,https://www.igdb.com/games/thunderbirds-international-rescue
49256,Aero the Acro-Bat,https://www.igdb.com/games/aero-the-acro-bat--1
49257,Spirit: Stallion of the Cimarron,https://www.igdb.com/games/spirit-stallion-of-the-cimarron
49258,Classic NES Series: Ice Climber,https://www.igdb.com/games/classic-nes-series-ice-climber
49259,Zooo: Action Puzzle Game,https://www.igdb.com/games/zooo-action-puzzle-game
49261,Disney's Lilo & Stitch 2: Hämsterviel Havoc,https://www.igdb.com/games/disneys-lilo-and-stitch-2-hamsterviel-havoc
49262,Ultimate Arcade Games,https://www.igdb.com/games/ultimate-arcade-games
49263,Doubutsujima no Chubi Gurumi 2: Tama-chan Monogatari,https://www.igdb.com/games/doubutsujima-no-chubi-gurumi-2-tama-chan-monogatari
49264,Doubutsu no Shima no Chobi Gurumi,https://www.igdb.com/games/doubutsu-no-shima-no-chobi-gurumi
49269,Finding Nemo: The Continuing Adventures,https://www.igdb.com/games/finding-nemo-the-continuing-adventures
49270,Dragon Quest Characters: Torneko no Daibouken 2 Advance,https://www.igdb.com/games/dragon-quest-characters-torneko-no-daibouken-2-advance
49271,A Sound of Thunder,https://www.igdb.com/games/a-sound-of-thunder
49273,Dr. Sudoku,https://www.igdb.com/games/dr-sudoku
49274,Demon Driver: Time to Burn Rubber,https://www.igdb.com/games/demon-driver-time-to-burn-rubber
49275,Disney's Kim Possible: Revenge of Monkey Fist,https://www.igdb.com/games/disneys-kim-possible-revenge-of-monkey-fist
49277,Darius R,https://www.igdb.com/games/darius-r
49278,Enchanted: Once Upon Andalasia,https://www.igdb.com/games/enchanted-once-upon-andalasia
49279,GT Advance Rally Racing 2,https://www.igdb.com/games/gt-advance-rally-racing-2
49280,International Superstar Soccer Advance,https://www.igdb.com/games/international-superstar-soccer-advance
49281,Butt Ugly Martians: B.K.M. Battles,https://www.igdb.com/games/butt-ugly-martians-bkm-battles
49282,The Wild,https://www.igdb.com/games/the-wild--1
49283,Hot Wheels: All Out,https://www.igdb.com/games/hot-wheels-all-out
49284,Elevator Action: Old & New,https://www.igdb.com/games/elevator-action-old-and-new
49286,Little League Baseball 2002,https://www.igdb.com/games/little-league-baseball-2002
49287,Ultimate Puzzle Games,https://www.igdb.com/games/ultimate-puzzle-games
49288,Super Collapse! II,https://www.igdb.com/games/super-collapse-ii
49289,Super Hornet F/A-18F,https://www.igdb.com/games/super-hornet-f-slash-a-18f
49290,Sports Illustrated for Kids: Baseball,https://www.igdb.com/games/sports-illustrated-for-kids-baseball
49291,Jimmy Neutron: Boy Genius,https://www.igdb.com/games/jimmy-neutron-boy-genius--1
49292,International Karate Advanced,https://www.igdb.com/games/international-karate-advanced
49293,Inspector Gadget Racing,https://www.igdb.com/games/inspector-gadget-racing
49294,I Spy Challenger!,https://www.igdb.com/games/i-spy-challenger
49295,Hot Wheels: Burnin' Rubber,https://www.igdb.com/games/hot-wheels-burnin-rubber
49296,Hardcore Pinball,https://www.igdb.com/games/hardcore-pinball
49297,Gumby vs. The Astrobots,https://www.igdb.com/games/gumby-vs-the-astrobots
49298,Godzilla: Domination!,https://www.igdb.com/games/godzilla-domination
49299,Fantastic 4: Flame On,https://www.igdb.com/games/fantastic-4-flame-on
49301,Elf: The Movie,https://www.igdb.com/games/elf-the-movie
49302,ESPN Great Outdoor Games: Bass 2002,https://www.igdb.com/games/espn-great-outdoor-games-bass-2002
49303,Dragon's Rock,https://www.igdb.com/games/dragons-rock
49304,Disney Sports Snowboarding,https://www.igdb.com/games/disney-sports-snowboarding
49305,Disney Sports Motocross,https://www.igdb.com/games/disney-sports-motocross
49306,Crushed Baseball,https://www.igdb.com/games/crushed-baseball
49308,Carrera Power Slide,https://www.igdb.com/games/carrera-power-slide
49309,Blades of Thunder,https://www.igdb.com/games/blades-of-thunder
49310,Black Belt Challenge,https://www.igdb.com/games/black-belt-challenge
49311,The Berenstain Bears and the Spooky Old Tree,https://www.igdb.com/games/the-berenstain-bears-and-the-spooky-old-tree
49313,BMX Trick Racer,https://www.igdb.com/games/bmx-trick-racer
49314,Army Men: Turf Wars,https://www.igdb.com/games/army-men-turf-wars
49316,Pinball Advance,https://www.igdb.com/games/pinball-advance
49317,Peter Pan: The Motion Picture Event,https://www.igdb.com/games/peter-pan-the-motion-picture-event
49318,Ozzy & Drix,https://www.igdb.com/games/ozzy-and-drix
49319,Operation: Armored Liberty,https://www.igdb.com/games/operation-armored-liberty
49320,NGT: Next Generation Tennis,https://www.igdb.com/games/ngt-next-generation-tennis
49321,The Muppets: On with the Show!,https://www.igdb.com/games/the-muppets-on-with-the-show
49322,Muppet Pinball Mayhem,https://www.igdb.com/games/muppet-pinball-mayhem
49323,The Mummy,https://www.igdb.com/games/the-mummy
49324,Monster! Bass Fishing,https://www.igdb.com/games/monster-bass-fishing
49325,Mobile Suit Gundam SEED: Battle Assault,https://www.igdb.com/games/mobile-suit-gundam-seed-battle-assault
49327,Maya the Bee: The Great Adventure,https://www.igdb.com/games/maya-the-bee-the-great-adventure
49328,Maya the Bee: Sweet Gold,https://www.igdb.com/games/maya-the-bee-sweet-gold
49329,Matchbox: Cross Town Heroes,https://www.igdb.com/games/matchbox-cross-town-heroes
49330,M&M's Blast!,https://www.igdb.com/games/m-and-ms-blast
49331,Lucky Luke: Wanted!,https://www.igdb.com/games/lucky-luke-wanted
49332,The Land Before Time: Into the Mysterious Beyond,https://www.igdb.com/games/the-land-before-time-into-the-mysterious-beyond
49333,Kong: The Animated Series,https://www.igdb.com/games/kong-the-animated-series
49334,Kong: King of Atlantis,https://www.igdb.com/games/kong-king-of-atlantis
49335,Kid's Cards,https://www.igdb.com/games/kids-cards
49336,Jonny Moseley: Mad Trix,https://www.igdb.com/games/jonny-moseley-mad-trix
49337,Scrabble Blast!,https://www.igdb.com/games/scrabble-blast
49338,Santa Claus Jr. Advance,https://www.igdb.com/games/santa-claus-jr-advance
49339,Disney's Tarzan: Return to the Jungle,https://www.igdb.com/games/disneys-tarzan-return-to-the-jungle
49340,Thunder Alley,https://www.igdb.com/games/thunder-alley
49341,Tokyo Xtreme Racer Advance,https://www.igdb.com/games/tokyo-xtreme-racer-advance
49342,Top Gear GT Championship,https://www.igdb.com/games/top-gear-gt-championship
49343,Total Soccer Manager,https://www.igdb.com/games/total-soccer-manager
49344,Tringo,https://www.igdb.com/games/tringo
49345,Turbo Turtle Adventure,https://www.igdb.com/games/turbo-turtle-adventure
49346,Tweety & The Magic Gems,https://www.igdb.com/games/tweety-and-the-magic-gems
49347,Whac-A-Mole,https://www.igdb.com/games/whac-a-mole
49350,XS Moto,https://www.igdb.com/games/xs-moto
49351,Zidane: Football Generation 2002,https://www.igdb.com/games/zidane-football-generation-2002
49352,Racing Fever,https://www.igdb.com/games/racing-fever
49354,Premier Manager 2005-2006,https://www.igdb.com/games/premier-manager-2005-2006
49356,Premier Action Soccer,https://www.igdb.com/games/premier-action-soccer
49357,Pocket Dogs,https://www.igdb.com/games/pocket-dogs
49358,Planet of the Apes,https://www.igdb.com/games/planet-of-the-apes
49359,Planet Monsters,https://www.igdb.com/games/planet-monsters
49360,Pinky and the Brain: The Master Plan,https://www.igdb.com/games/pinky-and-the-brain-the-master-plan
49361,Pinball Challenge Deluxe,https://www.igdb.com/games/pinball-challenge-deluxe
49362,Cartoon Network Collection: Limited Edition,https://www.igdb.com/games/cartoon-network-collection-limited-edition
49363,Cabbage Patch Kids: The Patch Puppy Rescue,https://www.igdb.com/games/cabbage-patch-kids-the-patch-puppy-rescue
49364,Battle B-Daman: Fire Spirits!,https://www.igdb.com/games/battle-b-daman-fire-spirits
49365,Battle B-Daman,https://www.igdb.com/games/battle-b-daman
49366,Strawberry Shortcake: Sweet Dreams,https://www.igdb.com/games/strawberry-shortcake-sweet-dreams
49367,The Cheetah Girls,https://www.igdb.com/games/the-cheetah-girls
49368,Care Bears: The Care Quests,https://www.igdb.com/games/care-bears-the-care-quests
49369,ATV Thunder Ridge Riders,https://www.igdb.com/games/atv-thunder-ridge-riders
49372,The Wild Thornberrys Movie,https://www.igdb.com/games/the-wild-thornberrys-movie
49373,The Wild Thornberrys: Chimp Chase,https://www.igdb.com/games/the-wild-thornberrys-chimp-chase
49375,Trollz: Hair Affair!,https://www.igdb.com/games/trollz-hair-affair
49376,Disney's Cinderella: Magical Dreams,https://www.igdb.com/games/disneys-cinderella-magical-dreams
49377,Yu-Gi-Oh! Ultimate Masters: World Championship Tournament 2006,https://www.igdb.com/games/yu-gi-oh-ultimate-masters-world-championship-tournament-2006
49378,Flashback Legend,https://www.igdb.com/games/flashback-legend
49379,Yu-Gi-Oh! Reshef of Destruction,https://www.igdb.com/games/yu-gi-oh-reshef-of-destruction
49380,Yu-Gi-Oh! GX Duel Academy,https://www.igdb.com/games/yu-gi-oh-gx-duel-academy
49381,Strike Force Hydra,https://www.igdb.com/games/strike-force-hydra
49382,SRS: Street Racing Syndicate,https://www.igdb.com/games/srs-street-racing-syndicate
49383,Steel Empire,https://www.igdb.com/games/steel-empire--1
49384,Stadium Games,https://www.igdb.com/games/stadium-games
49385,Spy Kids Challenger,https://www.igdb.com/games/spy-kids-challenger
49386,Sea Trader: Rise of Taipan,https://www.igdb.com/games/sea-trader-rise-of-taipan
49387,Phil of the Future,https://www.igdb.com/games/phil-of-the-future
49388,Noddy: A Day in Toyland,https://www.igdb.com/games/noddy-a-day-in-toyland
49389,My Little Pony Crystal Princess: The Runaway Rainbow,https://www.igdb.com/games/my-little-pony-crystal-princess-the-runaway-rainbow
49390,Monster Force,https://www.igdb.com/games/monster-force
49391,Mary-Kate and Ashley: Girls Night Out,https://www.igdb.com/games/mary-kate-and-ashley-girls-night-out
49392,Lizzie McGuire 3: Homecoming Havoc,https://www.igdb.com/games/lizzie-mcguire-3-homecoming-havoc
49393,Lizzie McGuire 2: Lizzie Diaries,https://www.igdb.com/games/lizzie-mcguire-2-lizzie-diaries
49394,Lizzie McGuire: On the Go!,https://www.igdb.com/games/lizzie-mcguire-on-the-go
49395,Let's Ride!: Sunshine Stables,https://www.igdb.com/games/lets-ride-sunshine-stables
49397,Kong: The 8th Wonder of the World,https://www.igdb.com/games/kong-the-8th-wonder-of-the-world
49398,The Koala Brothers: Outback Adventures,https://www.igdb.com/games/the-koala-brothers-outback-adventures
49400,Franklin the Turtle,https://www.igdb.com/games/franklin-the-turtle
49401,Sky Dancers,https://www.igdb.com/games/sky-dancers
49402,Duel Masters: Shadow of the Code,https://www.igdb.com/games/duel-masters-shadow-of-the-code
49403,Dogz: Fashion,https://www.igdb.com/games/dogz-fashion
49404,Disney's The Little Mermaid: Magic in Two Kingdoms,https://www.igdb.com/games/disneys-the-little-mermaid-magic-in-two-kingdoms
49406,That's So Raven 2: Supernatural Style,https://www.igdb.com/games/thats-so-raven-2-supernatural-style
49407,That's So Raven,https://www.igdb.com/games/thats-so-raven
49410,Disney's American Dragon Jake Long: Rise of the Huntsclan!,https://www.igdb.com/games/disneys-american-dragon-jake-long-rise-of-the-huntsclan
49411,Disney Princess: Royal Adventure,https://www.igdb.com/games/disney-princess-royal-adventure
49412,Flame of Recca,https://www.igdb.com/games/flame-of-recca
49413,Elemental Gelade: Tozasareshi Uta,https://www.igdb.com/games/elemental-gelade-tozasareshi-uta
49414,Oriental Blue: Ao no Tengai,https://www.igdb.com/games/oriental-blue-ao-no-tengai
49416,Love Hina Advance ~Shukufuku no Kane wa Naru kana~,https://www.igdb.com/games/love-hina-advance-shukufuku-no-kane-wa-naru-kana
49418,Boktai 3: Sabata's Counterattack,https://www.igdb.com/games/boktai-3-sabatas-counterattack
49419,Black Matrix Zero,https://www.igdb.com/games/black-matrix-zero
49421,The Proud Family,https://www.igdb.com/games/the-proud-family
49422,M&M's Break 'Em,https://www.igdb.com/games/m-and-ms-break-em
49423,Hugo: Bukkazoom,https://www.igdb.com/games/hugo-bukkazoom
49424,Samurai Deeper Kyo,https://www.igdb.com/games/samurai-deeper-kyo
49426,Dogz 2,https://www.igdb.com/games/dogz-2
49429,The Santa Clause 3: The Escape Clause,https://www.igdb.com/games/the-santa-clause-3-the-escape-clause
49430,Sabrina the Teenage Witch: Potion Commotion,https://www.igdb.com/games/sabrina-the-teenage-witch-potion-commotion
49431,Rescue Heroes: Billy Blazes,https://www.igdb.com/games/rescue-heroes-billy-blazes
49432,Princess Natasha: Student Secret Agent,https://www.igdb.com/games/princess-natasha-student-secret-agent
49433,The Powerpuff Girls: Him and Seek,https://www.igdb.com/games/the-powerpuff-girls-him-and-seek
49434,Polly Pocket!: Super Splash Island,https://www.igdb.com/games/polly-pocket-super-splash-island
49435,Pocket Professor: KwikNotes Volume One,https://www.igdb.com/games/pocket-professor-kwiknotes-volume-one
